unique_id,visitID,Column,queries,extract_lieux_be,extract_persons
54405-2294179,2294179,54405,plouenec,,
3086-734807,734807,3086,coureur norwégien,,
60918-2496987,2496987,60918,euthanasie pour les enfants,,
66197-2697459,2697459,66197,johan,,
71002-2844842,2844842,71002,kees de dood?,,Kees De Dood
53476-2255528,2255528,53476,brabantlouis michiels,,Michiels Brabantlouis
1172-674700,674700,1172,moritz,,
8287-920967,920967,8287,cambroman,,
46625-2054091,2054091,46625,durand-ruel,,
59802-2458762,2458762,59802,bonnot,,
3827-768562,768562,3827,battle of waterloo,waterloo,
6273-854846,854846,6273,poppe,,
16440-1162069,1162069,16440,platteborze joseph dieux fernande,,Joseph Dieux
29791-1592359,1592359,29791,rue de magnée,magnee,
25419-1459485,1459485,25419,quai à la chaux,,
39917-1875020,1875020,39917,ben-ahin,,
36985-1796954,1796954,36985,jodenville obus,,
58801-2423866,2423866,58801,parmentier francois banque andries,,Francois Banque
76676-2995356,2995356,76676,chine japon,,
14136-1096441,1096441,14136,périquet,,
35300-1746063,1746063,35300,ritueel slachten,,
81731-3154794,3154794,81731,xavier de bange,,Xavier De Bange
51087-2192620,2192620,51087,kint escrime,,
54425-2295532,2295532,54425,fein karel,,Karel Fein
60571-2483263,2483263,60571,demolition gravats boue,,
40532-1897710,1897710,40532,liegeois,,
67226-2727611,2727611,67226,peeters leeuw,,Peeters Leeuw
17072-1181185,1181185,17072,trouwen,,
41616-1926585,1926585,41616,elmeskini,,
19188-1250518,1250518,19188,cinema royal nord,,
4642-801003,801003,4642,kwakkel,,
19151-1249579,1249579,19151,rapidius,,
40064-1879749,1879749,40064,denis de brabander,,Denis De Brabander
37302-1804149,1804149,37302,cyclistesgardes civiques,,
13430-1079305,1079305,13430,de renette de villers perwin,,Renette De Villers
14946-1120643,1120643,14946,dereys,,
28676-1568008,1568008,28676,leroy,,
71523-2857467,2857467,71523,per olafson=,per,
81133-3131240,3131240,81133,pennequin willemeau,willemeau,
62020-2547579,2547579,62020,ancienne bourse,,
43962-1992184,1992184,43962,albert bert,,Albert Bert
17571-1203469,1203469,17571,ecole communale 9 anneessens,,
71329-2851844,2851844,71329,china japan,,
10742-1003302,1003302,10742,apel keilands,,
19850-1267290,1267290,19850,aimé michaux,,Aime Michaux
67134-2724195,2724195,67134,municipalité nivelles 1792,nivelles,
42241-1945865,1945865,42241,van rolleghem parent,rolleghem,
61826-2541683,2541683,61826,verdronken,,
27763-1536225,1536225,27763,pickett,,
414-660687,660687,414,harriers,,
16060-1152872,1152872,16060,antisocialiste,,
1704-688807,688807,1704,gombert rachez,,
29326-1585031,1585031,29326,brevet,,
3767-764687,764687,3767,ernest rousseau,,Ernest Rousseau
4768-806204,806204,4768,heilberg,,
8612-941354,941354,8612,schneeweiss,,
67133-2724195,2724195,67133,municipalité de nivelles,nivelles,
33444-1687578,1687578,33444,souppeau,,
27080-1517440,1517440,27080,buzen nothomb,nothomb,
9225-966610,966610,9225,luckhaus,,
23393-1396959,1396959,23393,boe david,,David Boe
16855-1175934,1175934,16855,ronet,,
65980-2685287,2685287,65980,liezele,liezele,
12991-1068536,1068536,12991,octave lejeune,,Octave Lejeune
5178-821490,821490,5178,police de nivelles,nivelles,
60927-2497800,2497800,60927,152 rue royale,,
60837-2492186,2492186,60837,landschot,,
55538-2334079,2334079,55538,sichem,sichem,
8613-941515,941515,8613,nsb,,
68674-2774351,2774351,68674,mariage philippe de belgique,,Philippe De Belgique
63391-2607087,2607087,63391,ongeluk,,
7065-879384,879384,7065,asse,asse,
34181-1708809,1708809,34181,zwarte hand,,
57960-2401305,2401305,57960,grimberghe nieuport,nieuport,
48726-2125297,2125297,48726,jobbels,,
2947-729595,729595,2947,jackley wonders,,
57252-2383891,2383891,57252,rue magloire,,Magloire Rue
4830-807658,807658,4830,wittouck de bussy,,
18499-1230458,1230458,18499,vliegen,,
50226-2167705,2167705,50226,felix bogaerts,,Felix Bogaerts
48055-2091942,2091942,48055,bibliotheek van brussel,brussel,
35467-1752392,1752392,35467,overdraagkantoor,,
1126-673355,673355,1126,kidouch,,
47290-2072608,2072608,47290,flénu,flenu,
67136-2724195,2724195,67136,nivelles en 1792,nivelles,
73377-2908697,2908697,73377,petit bigard,,
76736-2998927,2998927,76736,garde civique de verviers,verviers,
33255-1681770,1681770,33255,léon chauvin,,Leon Chauvin
73046-2900673,2900673,73046,hornbostel kapt,,
36979-1796805,1796805,36979,dupont,,
66612-2711291,2711291,66612,vannier ambulant,,
2010-697945,697945,2010,edouard de callatay,,Edouard De Callatay
51308-2196618,2196618,51308,football stade louvaniste louvain,louvain,
43121-1966841,1966841,43121,davreux,,
57208-2383195,2383195,57208,abattoir anderlecht,anderlecht,
12637-1057325,1057325,12637,photographie,,
31926-1646909,1646909,31926,gevaar van landverhuizing,,
37976-1822036,1822036,37976,la cle de genval,genval,
43788-1985123,1985123,43788,meeffe,meeffe,
82458-3183348,3183348,82458,cercle musical juif,,
48357-2111641,2111641,48357,di prinzio,,
9837-980281,980281,9837,generaal lemanstraat,,
29724-1591541,1591541,29724,wielrijden,,
64977-2651064,2651064,64977,garde civique saint-josse-ten-noode,,
48247-2108049,2108049,48247,au tir national,,
72656-2891624,2891624,72656,lazaret moeurs,,
35141-1737603,1737603,35141,charleroimusée d,,
10531-995723,995723,10531,jane moustic,,Jane Moustic
47772-2083835,2083835,47772,tamsui,,
60583-2483539,2483539,60583,peer stoet,peer,
65644-2675762,2675762,65644,beumier,,
54321-2290172,2290172,54321,guido gonin,,Guido Gonin
30529-1611418,1611418,30529,ranke,,
4130-781345,781345,4130,chromolithographie,,
1984-697617,697617,1984,somnambule hypnotisme,,
35431-1751505,1751505,35431,souppeau,,
22117-1355420,1355420,22117,comtesse de flandre,,
9754-978437,978437,9754,macquart,,
18829-1240592,1240592,18829,vogelas malonne,malonne,
7682-896365,896365,7682,constant le boucher,,Constant Le Boucher
24434-1424433,1424433,24434,dode hond,,
9428-970227,970227,9428,péripatéticienne,,
46744-2061377,2061377,46744,dhanis aviateur,,Dhanis Aviateur
44826-2012699,2012699,44826,royer,,
44589-2007530,2007530,44589,anthoine seraphin,,Anthoine Seraphin
30728-1615316,1615316,30728,discours de broqueville,,
34357-1713418,1713418,34357,maansteen,,
29453-1586905,1586905,29453,innondations,,
79298-3078434,3078434,79298,briqueterie d,,
65307-2662627,2662627,65307,eeckeloot,,
4400-789146,789146,4400,pipelaer,,
57766-2394926,2394926,57766,chavée,,
36638-1789504,1789504,36638,hespel,,
59913-2463499,2463499,59913,sucrerie piéton campion,pieton,
66455-2707733,2707733,66455,bessarabie 1878,,
39851-1872821,1872821,39851,dix-sept provinces,,
70387-2833861,2833861,70387,louws,,
69989-2820200,2820200,69989,échecs,,
7063-879292,879292,7063,donche,,
10581-997133,997133,10581,red star line,,Line Star
19630-1262339,1262339,19630,neeckx,,
39303-1856878,1856878,39303,zilk,,
22913-1386539,1386539,22913,steurs,,
33634-1692350,1692350,33634,aéroplanes bombes haye,,
12186-1047039,1047039,12186,rue de la régence 11,,
41737-1930775,1930775,41737,majesté,,
50205-2167501,2167501,50205,godenir fasbender,,
43035-1965709,1965709,43035,jusseret juseret,juseret,
61065-2503106,2503106,61065,dampremy manderlier,dampremy,
68633-2773357,2773357,68633,masius,,
19020-1245615,1245615,19020,zimmerdahl,,
70971-2844842,2844842,70971,florrie rodrigo:,,Florrie Rodrigo
17417-1198517,1198517,17417,sapeurs pompiers schaerbeekois,,
5231-823694,823694,5231,gyseghem,,
21095-1316539,1316539,21095,maugré,,
64513-2638922,2638922,64513,infirmières mercenaires,,
63343-2606300,2606300,63343,shackleton,,
14640-1113014,1113014,14640,sterckx,,
30792-1617047,1617047,30792,chaussée de ninove cyclable,ninove,
23365-1396726,1396726,23365,audresselles ambleteuse,,
50041-2161796,2161796,50041,linsel,,
69114-2790925,2790925,69114,inauguration de la ligne de tram,ligne,
33739-1693946,1693946,33739,reinertsen congo,,
79280-3077912,3077912,79280,fort de barchon,barchon,
67990-2751645,2751645,67990,moise jodoigne,jodoigne,
33850-1696477,1696477,33850,georges lorand,,Georges Lorand
52527-2224478,2224478,52527,grand-reng,,
33162-1677762,1677762,33162,lugne poe,,
55401-2328525,2328525,55401,tireur henry,,Henry Tireur
60893-2496047,2496047,60893,felix limpens,,Felix Limpens
54039-2280067,2280067,54039,adrienne van hal,,Adrienne Van Hal
52555-2226381,2226381,52555,liezele,liezele,
62813-2581837,2581837,62813,leberge,,
145-654375,654375,145,directeur guillemin bruxelles,bruxelles,
3253-739851,739851,3253,maitre d,,
62901-2584386,2584386,62901,hoejlaert,,
11579-1026556,1026556,11579,maryla,,
39548-1864973,1864973,39548,elite ixelles,ixelles,
3070-734752,734752,3070,cafe restaurant diner,,
68556-2772011,2772011,68556,kesteleyn edelare,edelare,
10113-986698,986698,10113,feminin,,
83373-3235581,3235581,83373,amandsberg,,
7797-899430,899430,7797,keyem cloedt,keyem,
18806-1240320,1240320,18806,manage,manage,
81915-3162825,3162825,81915,verweirde,,
79168-3073102,3073102,79168,voetbal,,
14414-1107651,1107651,14414,fémina antwerpen,antwerpen,
60091-2469177,2469177,60091,serrendruif,,
49196-2141355,2141355,49196,kerfyzer,,
63300-2604541,2604541,63300,chasse incident,,
16864-1176034,1176034,16864,gilliot,,
72721-2892813,2892813,72721,novi pazar,,
28556-1565608,1565608,28556,falahi,,
53740-2266236,2266236,53740,dickens,,
13245-1074075,1074075,13245,generale africaine banque commerce indsutrie,,
66908-2717260,2717260,66908,garde civique de schaerbeek,schaerbeek,
21926-1345548,1345548,21926,vlag halfstok,,
45027-2016486,2016486,45027,blanche arral,,Blanche Arral
8386-926666,926666,8386,casti incendie theatre,,
50435-2170598,2170598,50435,liste blessés st etienne,,
56771-2373260,2373260,56771,champêtre à thines,thines,
58206-2408353,2408353,58206,stilmans,,
78436-3054323,3054323,78436,bosschart,,
29246-1583756,1583756,29246,binche,binche,
71662-2862376,2862376,71662,garde civique de bruges,bruges,
10602-998023,998023,10602,melsboeck,,
65591-2673272,2673272,65591,manège cavalerie,,
48004-2090896,2090896,48004,theodore reinach,,Theodore Reinach
38501-1831962,1831962,38501,coal mine,,
58667-2421317,2421317,58667,messiaen waregem,waregem,
13464-1079975,1079975,13464,joanna maria boxtael,,Joanna Maria Boxtael
68602-2773357,2773357,68602,cerfontaine,cerfontaine,
58643-2420871,2420871,58643,parthon,,
34455-1716468,1716468,34455,sport,,
17495-1201194,1201194,17495,bailly de sauw,,
21480-1328327,1328327,21480,rhodes wilhelm,,Rhodes Wilhelm
61519-2525521,2525521,61519,police,,
18893-1242021,1242021,18893,de ro,,
33821-1695786,1695786,33821,"brännstrom, congo",,
26045-1480347,1480347,26045,onafhankelijken,,
42996-1964023,1964023,42996,opstandeling,,
42129-1940230,1940230,42129,laplaigne,laplaigne,
4637-800930,800930,4637,schellebelle molen,schellebelle,
40728-1901830,1901830,40728,bank,,
71591-2859430,2859430,71591,garde civique de courtrai,courtrai,
69296-2797018,2797018,69296,lescuyer regnault zulmé,,
22424-1369390,1369390,22424,boone fernand,,Fernand Boone
59807-2458956,2458956,59807,polygoonbos,,
55566-2335922,2335922,55566,impératrice eugénie,,Eugenie Imperatrice
40528-1897641,1897641,40528,leuven louvain leuvensche louvaniste,louvain||leuven,
55735-2342004,2342004,55735,sapira,,
30314-1604855,1604855,30314,geraardsbergen cauwenberg,geraardsbergen,
80712-3118805,3118805,80712,finschi écolière,,
30475-1610234,1610234,30475,harry peeters,,Harry Peeters
58260-2409628,2409628,58260,monjet,,
62416-2565119,2565119,62416,horwitz,,
80957-3124755,3124755,80957,georges bordet,,Georges Bordet
57735-2394666,2394666,57735,everyssche,,
70160-2823570,2823570,70160,louis xvi,,Louis Xvi
19376-1255071,1255071,19376,"zimmerdahl,",,
25529-1463643,1463643,25529,judith darling,,Judith Darling
59809-2459089,2459089,59809,bonnot,,
64805-2646182,2646182,64805,honoré van zande,,Honore Van Zande
11825-1034911,1034911,11825,morphine,,
20850-1309589,1309589,20850,maand paardenmarkt,,
10777-1003881,1003881,10777,veuve fauconier,,
31064-1622409,1622409,31064,buls hôpitaux réclamer,,
63022-2591155,2591155,63022,hooghlede,,
48252-2108320,2108320,48252,sint-pieters-leeuw,,
26520-1494817,1494817,26520,28 rue racine,,
44781-2012283,2012283,44781,football,,
83787-3246588,3246588,83787,cobbeghem,cobbeghem,
57855-2398318,2398318,57855,bande dessinée,bande,
47966-2089990,2089990,47966,werihet,,
70850-2843197,2843197,70850,meeting flamand,,
5498-831710,831710,5498,watervliet,watervliet,
10658-999391,999391,10658,energie,,
18399-1228001,1228001,18399,aviatisme,,
60027-2468185,2468185,60027,déclaration droits,,
43953-1991699,1991699,43953,willy driessen,,Willy Driessen
63667-2616428,2616428,63667,hofstade,hofstade,
2628-716561,716561,2628,marque décorateurs,,
9704-976643,976643,9704,eene zondares,,
33583-1690370,1690370,33583,paranagua,,
68194-2757460,2757460,68194,detectivebureau,,
31261-1628517,1628517,31261,marcel hess,,Marcel Hess
40876-1907052,1907052,40876,grand-orient de belgique,,
148-654375,654375,148,gombert directeurs,,
67595-2740661,2740661,67595,antependium,,
79496-3084570,3084570,79496,prix décennal chimie,,
10455-995478,995478,10455,de sagher,,
17504-1201355,1201355,17504,camara leuven,leuven,
77482-3025782,3025782,77482,sammels,,
38438-1831080,1831080,38438,belgisch economische missie china,,
40851-1906371,1906371,40851,creosatage erqueline,,
81048-3128722,3128722,81048,deutsch-ostafrika-linie,,
42680-1956235,1956235,42680,fernand toussaint,,Fernand Toussaint
31844-1644522,1644522,31844,arctowski artowski racovitza racowitza racovita,,
32313-1656036,1656036,32313,us tournai,tournai,
44194-1998757,1998757,44194,gymnastiek,,
63606-2615594,2615594,63606,negerin,,
11577-1026556,1026556,11577,lempitzky,,
40223-1885787,1885787,40223,santourinovka,,
1737-690106,690106,1737,rechaufement,,
20128-1279688,1279688,20128,onhaye,onhaye,
11402-1020744,1020744,11402,lambeaux carton,,
80644-3117482,3117482,80644,railways électricité,,
26124-1482824,1482824,26124,hodister,hodister,
30564-1612382,1612382,30564,augustin lantoine,,Augustin Lantoine
34779-1726939,1726939,34779,luc feville,,
17907-1214335,1214335,17907,victor horta,,Victor Horta
63096-2595384,2595384,63096,brussel,brussel,
17368-1196649,1196649,17368,william e.,,William E
28655-1567633,1567633,28655,joséphine delafeuille,,Josephine Delafeuille
26920-1511986,1511986,26920,sarteel,,
46753-2061377,2061377,46753,jaumotte aviateur,,
37113-1800366,1800366,37113,albert simonart,,Albert Simonart
63701-2617229,2617229,63701,davreux charles,,Charles Davreux
38167-1826613,1826613,38167,mafia maffia,,
80009-3098037,3098037,80009,carnaval binche,binche,
17428-1198823,1198823,17428,brasserie,,
72241-2880252,2880252,72241,assises hainaut quaregnon,quaregnon,
17165-1183716,1183716,17165,d,,
49015-2134787,2134787,49015,rosieres,rosieres,
4143-781975,781975,4143,louise hayet,,Louise Hayet
74768-2945822,2945822,74768,belgique,,
38338-1829980,1829980,38338,advokaat leon delacroix,,Leon Delacroix
34936-1731504,1731504,34936,st merri,,
25776-1471996,1471996,25776,tassel,,
10807-1004221,1004221,10807,aliénés evere,evere,
69416-2800498,2800498,69416,despezelles,,
6479-861294,861294,6479,congo,,
47323-2073467,2073467,47323,amoureuse huguenet,,
11246-1016692,1016692,11246,hubert collin,,Hubert Collin
8388-926666,926666,8388,eden theatre,,Eden Theatre
68885-2781515,2781515,68885,garde civique de lokeren,lokeren,
38369-1830542,1830542,38369,berchem,berchem,
24105-1417087,1417087,24105,chanly,chanly,
8717-947823,947823,8717,krikilion,,
63720-2617627,2617627,63720,cine americain,cine,
17466-1200067,1200067,17466,ictinus,,
73521-2912324,2912324,73521,de vrijheid: nieuwsblad van het arrondissement leuven - liberaal opinie- en annoncenblad. orgaan van de liberale vereniging,leuven,Liberale Vereniging
82190-3176296,3176296,82190,staline,,
71137-2847487,2847487,71137,kallenberg,,
55524-2333234,2333234,55524,renoy,,
7072-879513,879513,7072,seraing,seraing,
10716-1001560,1001560,10716,privat livemont,,Privat Livemont
56013-2352365,2352365,56013,a la vue du parc,,
37035-1798172,1798172,37035,gillion aubry,,Gillion Aubry
13637-1082690,1082690,13637,siegfried wagner,,Siegfried Wagner
81667-3152606,3152606,81667,xavier de,,Xavier De
17709-1207792,1207792,17709,bruxellesrue des croisades,,
57407-2388336,2388336,57407,yvonne geurts,,Yvonne Geurts
61202-2510959,2510959,61202,rouxh. gomez,,
5572-834383,834383,5572,artistique et littéraire,,
27639-1532778,1532778,27639,henri spiegels,,Henri Spiegels
21126-1317217,1317217,21126,discours melle deschamps internat,melle,
57202-2382572,2382572,57202,ukkel,ukkel,
52600-2228236,2228236,52600,jean-toussaint fonsny,,
11232-1016680,1016680,11232,caslo,,
45475-2026605,2026605,45475,honorez pie,,
12655-1059033,1059033,12655,sable,,
55151-2321773,2321773,55151,hans kawan,,Hans Kawan
63827-2619640,2619640,63827,festival,,
48762-2127094,2127094,48762,lodigeois,,
20091-1278547,1278547,20091,guerre,,
26373-1488775,1488775,26373,henri jouve,,Henri Jouve
77708-3029109,3029109,77708,leon vandermersch,,Leon Vandermersch
18283-1225505,1225505,18283,honderdjarige,,
76262-2981777,2981777,76262,arrentement notaire,,
13150-1070996,1070996,13150,hotelgrand monarque,,
30975-1620301,1620301,30975,sohie,,
22199-1358460,1358460,22199,2e regiment de ligne,ligne,
25134-1450916,1450916,25134,blaisy,,
75425-2958900,2958900,75425,japan japon china chinois chine chinois chinoise japonais japonaise chinees,,
2158-702324,702324,2158,liezele,liezele,
39849-1872820,1872820,39849,dix-sept provinces,,
58862-2425637,2425637,58862,solbosch,,
78561-3058669,3058669,78561,philibert paris,,Philibert Paris
78099-3042554,3042554,78099,la société anonyme d,,
80701-3118688,3118688,80701,accident,,
9183-964970,964970,9183,manne anderlecht,anderlecht,
32878-1667912,1667912,32878,legros,,
75991-2973303,2973303,75991,seigneurie burght,burght,
13126-1070726,1070726,13126,lebacq boulanger,,
14354-1105088,1105088,14354,clercksteeg,,
45241-2022019,2022019,45241,artan,,
31456-1634937,1634937,31456,royal cyclist,,
55200-2323482,2323482,55200,montezuma,,
81269-3135965,3135965,81269,ch. kalb,,
59436-2448364,2448364,59436,marie lebon,,Marie Lebon
55729-2341870,2341870,55729,paul voituron,,Paul Voituron
44970-2016418,2016418,44970,etablissement leclercq,,
78544-3058030,3058030,78544,majkowski morlanwelz,morlanwelz,
71718-2864500,2864500,71718,ierlands,,
49486-2147300,2147300,49486,solidariteit sociaal,,
8782-948427,948427,8782,seeldrayers,,
19805-1265815,1265815,19805,hohenzollern,,
9967-983357,983357,9967,valle inclan,,
1133-673527,673527,1133,toback,,
4771-806204,806204,4771,tilsit,,
64913-2649193,2649193,64913,smekens,,
53481-2255528,2255528,53481,louis michiels,,Louis Michiels
55132-2321349,2321349,55132,doyen merbes,,
1069-671525,671525,1069,brigitte ledent,,Brigitte Ledent
79397-3081491,3081491,79397,débauche,,
16354-1160951,1160951,16354,malpertuis revue automobile,,
44563-2006359,2006359,44563,leuven louvain leuvensche louvaniste,louvain||leuven,
3244-739731,739731,3244,football bruxelles,bruxelles,
68101-2756972,2756972,68101,burgemeester keerbergen gemeentehuis,keerbergen,
56927-2377667,2377667,56927,gavotte resch,,
51425-2199161,2199161,51425,visé conseil communal meurice,vise,Meurice Communal
83716-3244318,3244318,83716,prix de france,,
4249-784034,784034,4249,azem,,
66638-2711842,2711842,66638,manokwari,,
45157-2019460,2019460,45157,vanderstuyft,,
54820-2311725,2311725,54820,massala,,
64964-2650552,2650552,64964,podevyn,,
22111-1354663,1354663,22111,oudergem,oudergem,
29489-1587972,1587972,29489,pirsoul,,
181-654407,654407,181,waele schellebelle,schellebelle,
47445-2076996,2076996,47445,souppeau,,
59356-2443986,2443986,59356,overryssche,,
1070-671525,671525,1070,de cock jan,,Jan De Cock
34659-1722329,1722329,34659,bier dorstlessend,,
55878-2347347,2347347,55878,musik,,
71118-2846939,2846939,71118,petronella portland,,Petronella Portland
38232-1827731,1827731,38232,antonius archangel,,Antonius Archangel
28183-1549324,1549324,28183,kester,kester,
29078-1578232,1578232,29078,château de noisy,,
13721-1084294,1084294,13721,fanny,,
22919-1386776,1386776,22919,maffia mafia,,
29651-1590593,1590593,29651,louise héger,,Louise Heger
31239-1628423,1628423,31239,burgerwacht,,
1076-671588,671588,1076,pontonbrug,,
8271-920586,920586,8271,kerkcvoorde,,
54120-2283463,2283463,54120,paul-albert de poortere,,
54026-2279123,2279123,54026,emprunt à lots de 1938,,
52108-2213912,2213912,52108,ardennetiphaine,,
36317-1784751,1784751,36317,rebecca,,
26380-1489065,1489065,26380,american cine,cine,
79380-3080766,3080766,79380,garde civique de gand,gand,
28722-1568431,1568431,28722,fernand desmedt albert,,Fernand Desmedt
29398-1586188,1586188,29398,heurne,heurne,
6884-874664,874664,6884,gemmenich,gemmenich,
235-656176,656176,235,spa,spa,
45621-2030152,2030152,45621,tour de saxe,,
71671-2862533,2862533,71671,muelenaere compiegne,,
35937-1768152,1768152,35937,vicca,,
29452-1586905,1586905,29452,electricité,,
68683-2775187,2775187,68683,liezele,liezele,
70864-2843339,2843339,70864,andre lagrand dumonceau,,Andre Lagrand
50963-2188813,2188813,50963,gevaert,,
14965-1120843,1120843,14965,debesselle,,
29499-1588165,1588165,29499,zoologie toulonnaise,,
22992-1387847,1387847,22992,traduction,,
29525-1589305,1589305,29525,bertold fleischer,,Bertold Fleischer
73503-2912014,2912014,73503,kroatië,,
63721-2617627,2617627,63721,cine blaes,cine,
15137-1125407,1125407,15137,enterrée,,
27056-1517244,1517244,27056,carabiniers wavre,wavre,
38403-1830677,1830677,38403,crombez,,
10549-995804,995804,10549,leysens,,
24188-1419744,1419744,24188,centrale belge,,
34722-1724342,1724342,34722,meunier verbeyst,,
3693-761841,761841,3693,frederic de la hault,,Frederic De La Hault
66389-2705115,2705115,66389,furnémont,,
71545-2858533,2858533,71545,garde civique de blanckenberghe,,
29058-1578073,1578073,29058,gabrielle petit,,Gabrielle Petit
45549-2028598,2028598,45549,stade leuven,leuven,
81720-3154519,3154519,81720,gijzegem,gijzegem,
30582-1612931,1612931,30582,d,,
28544-1565026,1565026,28544,magnee,magnee,
67870-2747592,2747592,67870,bayens,,
18184-1221371,1221371,18184,omloop van vlaanderen,,
19471-1257104,1257104,19471,bouchon de lanaye,lanaye,
76429-2987215,2987215,76429,elberg,,
51816-2207985,2207985,51816,delattre,,
72220-2879578,2879578,72220,saint henri,,
15714-1142822,1142822,15714,albert wolff,,Albert Wolff
81059-3129133,3129133,81059,heerlykhede,,
51855-2208712,2208712,51855,stewardess 1946,,
7370-888553,888553,7370,torfs,,
5523-833305,833305,5523,geystingen,,
13939-1090607,1090607,13939,signa,,
29154-1580531,1580531,29154,berchem,berchem,
43217-1969394,1969394,43217,prince leopold de belgique,,Leopold De Belgique
54732-2307500,2307500,54732,jean bar,,Jean Bar
78908-3068275,3068275,78908,burgerwacht van brugge,brugge,
65482-2670231,2670231,65482,vervaet,,
10973-1010406,1010406,10973,prommenschenkel,,
55054-2319738,2319738,55054,brackelaire,,
77797-3033497,3033497,77797,guynemr,,
70785-2841807,2841807,70785,pioupiouparc de bruxelles,bruxelles,
5352-826619,826619,5352,torfs diamant,,Diamant Torfs
45886-2036613,2036613,45886,aviateur veehoutstraeten,,
5045-815366,815366,5045,température,,
53732-2266140,2266140,53732,libération,,
21983-1349056,1349056,21983,hossche hosschius,,
34028-1702822,1702822,34028,wielrijden,,
20317-1284536,1284536,20317,parade en vers et en musique,,
55330-2326777,2326777,55330,état civil guillemin,,
36723-1791499,1791499,36723,catrain,,
49058-2136449,2136449,49058,génral michel namur,namur,
29871-1592964,1592964,29871,sint job,,
35044-1733614,1733614,35044,reychler,,
77457-3025431,3025431,77457,bock de koekelberg,koekelberg,
56292-2361319,2361319,56292,temple protestant,,
28845-1571343,1571343,28845,hoeylaert,hoeylaert,
45425-2025480,2025480,45425,namur pupilles,namur,
49786-2155420,2155420,49786,les lépreux,,
16316-1159847,1159847,16316,deces alice fontaine,,Alice Fontaine
7914-903451,903451,7914,compagnie industrielle et commerciale d,,
14308-1103559,1103559,14308,conduites d,,
37861-1818555,1818555,37861,bossu mouscron,mouscron,
6167-852112,852112,6167,carnaval,,
22751-1382612,1382612,22751,dejasse alphonse,,Alphonse Dejasse
17106-1181450,1181450,17106,chemin fer vicinaux luxembourg,,
10288-991268,991268,10288,réponse reinhard,,Reinhard Reponse
69169-2793907,2793907,69169,raway,,
55446-2330642,2330642,55446,concerts d,,
80755-3120467,3120467,80755,burgerwacht van beringen,beringen,
51460-2199913,2199913,51460,vera holodnaia,,Vera Holodnaia
47646-2081714,2081714,47646,soumois,,
61211-2511068,2511068,61211,échecs bird,,
69428-2800922,2800922,69428,weerts liege,liege,
63718-2617627,2617627,63718,au diabolo,,
15262-1129953,1129953,15262,zelem,zelem,
75912-2971216,2971216,75912,stemrecht suffrage,,
2940-729088,729088,2940,choléra à esneux,esneux,
56151-2358154,2358154,56151,robert de wavrin,,Robert De Wavrin
50167-2165491,2165491,50167,helvetia,,
19290-1253810,1253810,19290,templeuve,templeuve,
50138-2164254,2164254,50138,esneux pêche,esneux,
4457-792086,792086,4457,postel,,
56138-2357600,2357600,56138,vandendriessche,,
40233-1886274,1886274,40233,soeurs de la charite,,
46280-2045382,2045382,46280,tuur ceuleers,,Tuur Ceuleers
19786-1265136,1265136,19786,"andersson, congo",,
30455-1609470,1609470,30455,rogier callier peintures murales,,Rogier Callier
72527-2887759,2887759,72527,chine japon tokio pékin chinois chinoise tongkin,,
3179-738527,738527,3179,cootermans,,
58399-2414921,2414921,58399,belle-maman dimanche timbre,,
56115-2356667,2356667,56115,nieuwmolen,,
63485-2610846,2610846,63485,saurier,,
50297-2169208,2169208,50297,feinberg,,
10680-1000376,1000376,10680,charles pitteurs,,Charles Pitteurs
53487-2256113,2256113,53487,retsin,,
22768-1382782,1382782,22768,hoeylaert,hoeylaert,
4453-791959,791959,4453,jumeaux oyens,,
32569-1660804,1660804,32569,joseph mesdagh,,Joseph Mesdagh
13186-1071862,1071862,13186,sous-lieutenant,,
71921-2870438,2870438,71921,japan china,,
53097-2244474,2244474,53097,eaux,,
83004-3200197,3200197,83004,lessing,,
7779-898811,898811,7779,tesla,,
44224-1999172,1999172,44224,proyard,,
27706-1535015,1535015,27706,wavre suédois,wavre,
74421-2937556,2937556,74421,postila,,
25524-1463643,1463643,25524,dans negri,,
76246-2980982,2980982,76246,heylaerts verhulst,,
32659-1662766,1662766,32659,schedels,,
503-662107,662107,503,desmet,,
58859-2425605,2425605,58859,marchand,,
36294-1784187,1784187,36294,h. logelain,,
62497-2567817,2567817,62497,exposition générale,,
17779-1209671,1209671,17779,rustrel,,
4058-776942,776942,4058,croix des fiancés,,
20119-1279688,1279688,20119,café bousval,bousval,
54375-2292656,2292656,54375,berchem avions,berchem,
5855-842762,842762,5855,st-pierre damm,,
41338-1920558,1920558,41338,lindskog. congo,,
52105-2213870,2213870,52105,colinet,,
52824-2237213,2237213,52824,famine terreur destructions,,
13912-1089732,1089732,13912,socoumé,,
69805-2813578,2813578,69805,arnaudpacifisme,,
64328-2633334,2633334,64328,leberge,,
18553-1232353,1232353,18553,palmborg,,
61068-2503303,2503303,61068,guy chantepleure,,Guy Chantepleure
32886-1668084,1668084,32886,cluysenaar druidisme,,
149-654375,654375,149,gombert direction,,
38127-1825864,1825864,38127,tournay deces accident,tournay,
44669-2009110,2009110,44669,bernard boel,,Bernard Boel
35143-1737603,1737603,35143,musée de charleroi,charleroi,
49782-2155216,2155216,49782,rue jules besme,,Jules Besme
59570-2451132,2451132,59570,beaux arts,,
46812-2062873,2062873,46812,leuven louvain leuvensche louvaniste,louvain||leuven,
53483-2255774,2255774,53483,souppeau,,
78919-3068275,3068275,78919,burgerwacht van ieper,ieper,
19712-1263680,1263680,19712,riefenstahl,,
79149-3072622,3072622,79149,hubert carton de wiart,,Hubert Carton
17642-1206463,1206463,17642,fagnolles,,
987-669650,669650,987,assenede bassevelde bouchaute boekhoute oost-eecloo,boekhoute||bassevelde||assenede,
23024-1388625,1388625,23024,larumse,,
10885-1007051,1007051,10885,buffel,,
64387-2635987,2635987,64387,hoeylacrt,,
3554-753454,753454,3554,hoeylaert,hoeylaert,
15080-1123763,1123763,15080,hartong,,
11588-1026798,1026798,11588,vandeputte,,
34717-1724231,1724231,34717,gare orgeo,orgeo,
23843-1409998,1409998,23843,gilly,gilly,
8589-939865,939865,8589,vanderdonck cortessem,cortessem,
29863-1592964,1592964,29863,korte zoutstraat,,
52717-2232665,2232665,52717,horgnies,,
73735-2920659,2920659,73735,collard 1952 leuven`,leuven,
58690-2421667,2421667,58690,schilder weyts,,
35332-1746777,1746777,35332,szamosi,,
35299-1746063,1746063,35299,kelen,,
59107-2433174,2433174,59107,tirageservice personnel,,
20521-1289613,1289613,20521,l,,
21060-1315651,1315651,21060,charles colle,,Charles Colle
83238-3230977,3230977,83238,enseignement bracquegnies,,
21612-1334747,1334747,21612,charbonnage souvret,souvret,
36370-1786030,1786030,36370,merendree,merendree,
69230-2794976,2794976,69230,victoire noel,,Victoire Noel
40814-1905174,1905174,40814,henri beumer,,Henri Beumer
22774-1383230,1383230,22774,berchem,berchem,
48461-2114616,2114616,48461,desbesel,,
9927-981975,981975,9927,françois valentin,,Francois Valentin
76031-2973862,2973862,76031,storm congo,,Storm Congo
40571-1898328,1898328,40571,rochussen,,
8043-908324,908324,8043,woelmont,,
3153-737798,737798,3153,pierre bonaparte,,Pierre Bonaparte
32242-1655184,1655184,32242,classement,,
48520-2116821,2116821,48520,cirque,,
51465-2200052,2200052,51465,lieutenant bussy,,
12387-1051793,1051793,12387,monument aux morts à pâturages,paturages,
82606-3185550,3185550,82606,débordement,,
547-662125,662125,547,pierre victor guillemin rachez,,Pierre Victor Guillemin
29583-1590254,1590254,29583,d,,
54504-2298643,2298643,54504,leuven louvain leuvensche louvaniste,louvain||leuven,
45867-2036082,2036082,45867,berchem,berchem,
55818-2344542,2344542,55818,rotsaert jules,,Jules Rotsaert
13400-1078926,1078926,13400,camille pivont,,Camille Pivont
35104-1735610,1735610,35104,neutralité belge,,
50084-2163116,2163116,50084,trombe,,
84-652941,652941,84,brand sigaren leuven,leuven,
9523-973319,973319,9523,aygem,,
22761-1382612,1382612,22761,schinckus,,
10875-1006843,1006843,10875,velo wielrennen velodroom,,
9315-967905,967905,9315,mergenthaler,,
74294-2934406,2934406,74294,chine japon,,
4677-801404,801404,4677,appcb,,
37253-1802498,1802498,37253,tihange,tihange,
55921-2349021,2349021,55921,windelinckx gahy,,
66877-2716809,2716809,66877,schandaalregulateur regelgever wetgever wetgeving toezichthouder controleur,,
73957-2925459,2925459,73957,china japan,,
16095-1154090,1154090,16095,empain,,
39045-1845026,1845026,39045,wavre,wavre,
1030-670432,670432,1030,caturla,,
57762-2394784,2394784,57762,savon crommelinck,,
60601-2484688,2484688,60601,remacle collette,,Remacle Collette
70320-2831512,2831512,70320,viande cheval,,
48465-2114743,2114743,48465,dricot didier,,Didier Dricot
28587-1566115,1566115,28587,eulaerts,,
38508-1831998,1831998,38508,zwarte hand,,
67637-2741959,2741959,67637,garde civique de schaerbeek,schaerbeek,
16417-1161953,1161953,16417,thozée,,
78898-3068275,3068275,78898,burgerwacht van aalter,aalter,
49819-2155904,2155904,49819,fouleng,fouleng,
68484-2768240,2768240,68484,la libre belgique,,
78602-3060152,3060152,78602,françois masquilier,,Francois Masquilier
14757-1116791,1116791,14757,spa,spa,
4131-781345,781345,4131,g. severeyns,,
30810-1617372,1617372,30810,chemin de fer au congo,,
2040-698289,698289,2040,poupehan,poupehan,
9482-972207,972207,9482,fastre,,
27105-1517541,1517541,27105,dunes,,
33124-1676938,1676938,33124,de vrouwenbeweging,,
36773-1793009,1793009,36773,de rey hannuit,hannuit,
70345-2832860,2832860,70345,smout,,
76258-2981344,2981344,76258,hultberg,,
31475-1635549,1635549,31475,mafia maffia,,
52836-2237514,2237514,52836,de van eyck à rubens,,
31471-1635252,1635252,31471,straaten antwerpen,antwerpen,
36988-1797182,1797182,36988,eugene sue,,Eugene Sue
11487-1023000,1023000,11487,jodoigne,jodoigne,
58355-2412772,2412772,58355,boeuf,,
24117-1417673,1417673,24117,boiro,,
26348-1488263,1488263,26348,baron decede,,
34998-1732407,1732407,34998,étoile du nord pullman express,,
17464-1200067,1200067,17464,germain nouveau,,Germain Nouveau
45068-2017393,2017393,45068,duval de beaulieu m,,
82719-3188977,3188977,82719,liége seraing,seraing||liege,
19099-1247860,1247860,19099,hjälm,,
68065-2755835,2755835,68065,ghemar portraits membres des deux chambres,,
17811-1210638,1210638,17811,dorp,,
77719-3030743,3030743,77719,ysaye conseil,,
40156-1883023,1883023,40156,gaze,,
81462-3146130,3146130,81462,empain etoile coloniale,,
60566-2483162,2483162,60566,landuyt,,
71213-2850142,2850142,71213,arthur crump,,Arthur Crump
8168-916114,916114,8168,longauri,,
21094-1316539,1316539,21094,lessines incendie,lessines,
82127-3171828,3171828,82127,moortzeele,moortzeele,
63331-2606050,2606050,63331,evelyne wybrands,,Evelyne Wybrands
66263-2700480,2700480,66263,blavier wodecq,wodecq,
30363-1606753,1606753,30363,artan,,
14724-1115977,1115977,14724,vierendeels,,
69249-2795781,2795781,69249,dua,,
50333-2169364,2169364,50333,automobile,,
61876-2543112,2543112,61876,pirard,,
65691-2677506,2677506,65691,ecole normale d,,
27438-1526958,1526958,27438,persyn,,
29446-1586678,1586678,29446,meulenbergs,,
10862-1006469,1006469,10862,emanuel huisman,,Emanuel Huisman
12669-1059980,1059980,12669,trillat,,
81980-3164546,3164546,81980,schaffer,,
32864-1667771,1667771,32864,charleroiancien palais de justice,,
15375-1132847,1132847,15375,voetbaluitslagen,,
1765-690527,690527,1765,daveloose,,
65918-2682852,2682852,65918,manipulation des comptes,,
67183-2725839,2725839,67183,wielrenner,,
8365-925371,925371,8365,viardot,,
1665-687547,687547,1665,jules sabbe,,Jules Sabbe
73602-2915504,2915504,73602,parc gand,gand,
83719-3244318,3244318,83719,spa,spa,
62229-2557096,2557096,62229,germain nouveau,,Germain Nouveau
20469-1288395,1288395,20469,norddeutscher lloyd,,Lloyd Norddeutscher
47821-2086143,2086143,47821,boulangerie confiserie chocolaterie,,
70046-2821191,2821191,70046,dubois van cauwenbergh,,
32092-1651047,1651047,32092,dupuis henriette,,Henriette Dupuis
3508-751440,751440,3508,abbaye de st denis,,
73405-2909260,2909260,73405,china japan,,
65223-2658994,2658994,65223,rue de chambéry,,
50072-2162693,2162693,50072,malle-poste,,
28245-1550868,1550868,28245,mgr heylen et la déportation,,
37752-1814326,1814326,37752,hotel baride,,
14651-1113187,1113187,14651,steenbakkerijen,,
73379-2908697,2908697,73379,wittouck,,
14103-1094965,1094965,14103,atillafort,,
60744-2490481,2490481,60744,hal postgebouwhal,hal,
32809-1666840,1666840,32809,hultberg,,
28942-1574385,1574385,28942,e surinx,,
35204-1740523,1740523,35204,saccardi,,
59887-2462395,2462395,59887,charite molenbeek,molenbeek,
1343-679215,679215,1343,caudia,,
69403-2800462,2800462,69403,canada,,
82595-3185173,3185173,82595,marguerite goldschmidt,,Marguerite Goldschmidt
15564-1137508,1137508,15564,casino menne,,Menne Casino
36542-1788355,1788355,36542,dekaine,,
12217-1048213,1048213,12217,braconnier,,
37175-1801257,1801257,37175,romerée,romeree,
63294-2604188,2604188,63294,leopold,,
21092-1316445,1316445,21092,pellè,,
19180-1250500,1250500,19180,tour flandres sport,,
45910-2036990,2036990,45910,crijns,,
74595-2941028,2941028,74595,quoidbach,,
14009-1092529,1092529,14009,perck,perck,
23832-1409699,1409699,23832,repstickor,,
53331-2250100,2250100,53331,genck dunes,genck,
34210-1709537,1709537,34210,coubertin,,
57115-2381425,2381425,57115,wilryck,wilryck,
56435-2363011,2363011,56435,le juif errant,,
83471-3239019,3239019,83471,dulwich hamlet,,Hamlet Dulwich
8610-941316,941316,8610,ruelens,,
33626-1691725,1691725,33626,rupel,,
21177-1317695,1317695,21177,delville,,
13911-1089732,1089732,13911,lowa congo,,
2904-728579,728579,2904,opticien,,
7777-898669,898669,7777,bibliothèque royale,,
64747-2644685,2644685,64747,springuel,,
26605-1497973,1497973,26605,joseph van rentergem,,Joseph Van Rentergem
35995-1770644,1770644,35995,leuven louvain,louvain||leuven,
80483-3114330,3114330,80483,reyntiens robert,,Robert Reyntiens
23324-1396169,1396169,23324,berghe aerts,,
1221-675792,675792,1221,oscar gervais,,Oscar Gervais
81564-3149059,3149059,81564,godchau-colinet,,
22491-1371224,1371224,22491,waudru,,
37993-1822167,1822167,37993,"lindblom, congo",,
22895-1386008,1386008,22895,godefroy louise,,Godefroy Louise
34593-1720777,1720777,34593,woelmont,,
43326-1973025,1973025,43326,ceulaer,,
25110-1450142,1450142,25110,aloysius bertrand,,Aloysius Bertrand
40429-1893122,1893122,40429,vandervaeren catherina,,Catherina Vandervaeren
81260-3135839,3135839,81260,hanret,hanret,
34487-1716966,1716966,34487,harwood,,
61032-2501373,2501373,61032,oorlogsdreiging,,
58976-2428308,2428308,58976,okegem,okegem,
36788-1793396,1793396,36788,cyclistesgrandes manoeuvres,,
48355-2111641,2111641,48355,babusiaux,,
74659-2942981,2942981,74659,seigneurie notaire,,
82376-3182301,3182301,82376,daniël sternefeld,,Daniel Sternefeld
15648-1140470,1140470,15648,vrydaghs,,
4944-812470,812470,4944,adolphe françois,,Adolphe Francois
59100-2433174,2433174,59100,hallency-les-gorets,,
44403-2002350,2002350,44403,remi thijs,,Remi Thijs
53770-2267089,2267089,53770,bronsgieterij sint jans molenbeek,sint-jans-molenbeek,
79264-3076434,3076434,79264,arsène pigeolet,,Arsene Pigeolet
24661-1432371,1432371,24661,marcachou,,
58331-2411974,2411974,58331,"stade, louvain, louvaniste, football, sports, leuven",leuven||louvain,
30578-1612495,1612495,30578,buysse,,
69675-2808445,2808445,69675,espagnegeorges marquet,,Marquet Espagnegeorges
63884-2621484,2621484,63884,belgian orphan fund ecaussinnois,,
22498-1371427,1371427,22498,mafia maffia,,
56704-2370856,2370856,56704,egalin,,
3964-772163,772163,3964,ostende,ostende,
76785-3000374,3000374,76785,pourvoi cassation malvina leclercq,,Malvina Leclercq
65795-2679008,2679008,65795,tehoeylaert,,
40646-1899414,1899414,40646,homme linge,,
6368-857718,857718,6368,fleurus,fleurus,
50206-2167501,2167501,50206,godenir melen,melen,
24815-1437832,1437832,24815,seefhoek,,
41832-1932108,1932108,41832,marbehan depiesse,,
53191-2246394,2246394,53191,feu exposition,,
58866-2425736,2425736,58866,cortège sociétés liégeoises drapeaux,,
20060-1275895,1275895,20060,wilhelmus martinus backx,,Wilhelmus Martinus Backx
56841-2375933,2375933,56841,italiaen,,
51623-2202454,2202454,51623,orcq,orcq,
46101-2041980,2041980,46101,artillerie namur,namur,
46493-2050568,2050568,46493,jean guillaume janssens,,Jean Guillaume Janssens
25567-1464105,1464105,25567,brusselsche straatzanger,,
70427-2834172,2834172,70427,molenstraat lebbeke,lebbeke,
57009-2379198,2379198,57009,overysshe,,
10704-1000888,1000888,10704,sportwereld,,
16758-1172593,1172593,16758,sur les toits de new york,,
52066-2212877,2212877,52066,neckelput,,
34341-1713173,1713173,34341,cammaerts cyclist,,
29094-1578463,1578463,29094,gissler,,
20841-1309584,1309584,20841,congrès munich,,
9574-974284,974284,9574,schmann,,
47072-2067499,2067499,47072,benisano,,
69608-2805600,2805600,69608,liezele,liezele,
48600-2120243,2120243,48600,platteborze francine,,Francine Platteborze
60996-2499235,2499235,60996,mengelberg,,
14030-1093389,1093389,14030,la barrière,,
19159-1249957,1249957,19159,bunyan olympique,,Bunyan Olympique
8561-939222,939222,8561,adolphe nyssens,,Adolphe Nyssens
29091-1578437,1578437,29091,delvoye serrurier,,
19828-1266317,1266317,19828,opium,,
41441-1922348,1922348,41441,sainte blandine wavre 1907,wavre,
77920-3036508,3036508,77920,musiquefemme,,
11172-1015296,1015296,11172,paviljoen boerin,,
45545-2028418,2028418,45545,vrijwilliger vlieger,,
62173-2555474,2555474,62173,flic,,
23121-1391019,1391019,23121,bergen,bergen,
64640-2642925,2642925,64640,mehuys,,
81194-3133752,3133752,81194,appcb,,
71847-2868233,2868233,71847,dubois lesna,,
4587-798720,798720,4587,holsters,,
47745-2083741,2083741,47745,wartburg,,
6777-870861,870861,6777,comte venturini,,
34454-1716468,1716468,34454,professionnals,,
35632-1758283,1758283,35632,moury lerat,,
1005-670263,670263,1005,andré lurçat,,Andre Lurcat
63572-2614349,2614349,63572,marck,,
28428-1561251,1561251,28428,val van antwerpen,val||antwerpen,
3706-761901,761901,3706,wanderers football,,
5089-817626,817626,5089,nolva,,
83297-3232316,3232316,83297,liege cyclist,liege,
42697-1956536,1956536,42697,jeton de pain,,
28396-1560015,1560015,28396,edeghem,edeghem,
8746-948330,948330,8746,baguet docteur mort,,
62395-2564594,2564594,62395,dugauquier obaix,obaix,
29002-1575622,1575622,29002,hasselt,hasselt,
14928-1120534,1120534,14928,michel stern,,Michel Stern
60766-2490740,2490740,60766,titanic autopsie,,
64997-2651667,2651667,64997,bolle,,
31393-1633090,1633090,31393,wilmet schaltin,schaltin,
63288-2603433,2603433,63288,waudru,,
81670-3152697,3152697,81670,wolverthem gendarmerie,wolverthem,
7847-900704,900704,7847,oppuers,oppuers,
37773-1815191,1815191,37773,manage station,manage,
119-653375,653375,119,willain,,
70090-2821796,2821796,70090,cinema palace pont neuf 64,,
38080-1825105,1825105,38080,archangel archangelsk,,
62912-2584699,2584699,62912,musique roulers,roulers,
69727-2809980,2809980,69727,nelson-follet,,
55853-2346165,2346165,55853,rue lecointe,,
164-654375,654375,164,guillemin élèves,,
71864-2868247,2868247,71864,garde civique de taviers,taviers,
10920-1008839,1008839,10920,boechout,boechout,
78009-3039188,3039188,78009,colombie bogota export,,
62915-2584699,2584699,62915,stadsharmonie meenen,meenen,
44307-2000559,2000559,44307,köhler,,
21843-1342513,1342513,21843,dickelvenne,dickelvenne,
68948-2782660,2782660,68948,garde civique de lierre,lierre,
63540-2612322,2612322,63540,osthofen camp,,
18005-1216449,1216449,18005,fastre,,
11008-1011709,1011709,11008,église de watervliet,watervliet,
68129-2756972,2756972,68129,leeuw saint pierre bourgmestre,leeuw-saint-pierre,Pierre Bourgmestre
43204-1969072,1969072,43204,leys,,
83376-3235581,3235581,83376,destelbergen sport,destelbergen,
38052-1824111,1824111,38052,parc genval,genval,
67460-2736017,2736017,67460,jardin zoologique,,
49501-2147863,2147863,49501,hannavart,,
4119-780547,780547,4119,albert de vriendt,,Albert De Vriendt
35506-1754532,1754532,35506,fisch,,
14067-1093885,1093885,14067,coupe de baerdemacker,,
76328-2983739,2983739,76328,burgemeester massenhoven,massenhoven,
21184-1318126,1318126,21184,grève 1886,,
41779-1931849,1931849,41779,"bruxellesville, congo",,
36175-1779525,1779525,36175,torck trapauto,,
37688-1812956,1812956,37688,tramwayateliers germain,,Germain Tramwayateliers
18437-1228533,1228533,18437,caoutchouc rouge,,
41568-1924815,1924815,41568,schnellrestaurant,,
36186-1779941,1779941,36186,peeters,,
6527-863303,863303,6527,deforce,,
70772-2841807,2841807,70772,la tour noire,,
63251-2601850,2601850,63251,incivieken; veroordeling,,
46583-2052963,2052963,46583,laminne,,
3666-759918,759918,3666,211 avenue de tervueren,tervueren,
51924-2210759,2210759,51924,desqueper,,
35147-1737754,1737754,35147,souppeau,,
21257-1320465,1320465,21257,joden olympische speelen,,
10264-990043,990043,10264,gyseghem,,
65986-2685329,2685329,65986,kolonie wortel,wortel,
75986-2973159,2973159,75986,de smet de naeyer,,
20742-1298252,1298252,20742,de la potte,,
74385-2936671,2936671,74385,hultberg,,
46100-2041974,2041974,46100,joseph emonts,,Joseph Emonts
51241-2194443,2194443,51241,plaasteren italiaanse,,
38017-1823432,1823432,38017,stekke,,
59424-2448341,2448341,59424,overysse,,
53192-2246394,2246394,53192,florimond deschamps,,Florimond Deschamps
81944-3164447,3164447,81944,brouwerij brasschaat,brasschaat,
37831-1817570,1817570,37831,souppeau,,
64354-2634492,2634492,64354,ninove match,ninove,
61525-2526138,2526138,61525,delamonica,,
82858-3194814,3194814,82858,vliegeniers,,
40453-1894075,1894075,40453,malou,,
72950-2898469,2898469,72950,brabants kampioenschap cyclo-cross,,
48687-2123656,2123656,48687,cambroman,,
14716-1115953,1115953,14716,curé de familleureux,familleureux,
61052-2502580,2502580,61052,salon auto cycle,,
13604-1082370,1082370,13604,iceberg icebergs,,
38004-1822845,1822845,38004,rue wayez,,
24218-1420195,1420195,24218,funérailles congo,,
26617-1498206,1498206,26617,aviateur accident,,
72927-2898121,2898121,72927,garde civique de la louviere,la louviere,
5786-841556,841556,5786,bandelles,,
74515-2939364,2939364,74515,chine japon pékin tokyo,,
33734-1693946,1693946,33734,bergströmcongo,,
67800-2744995,2744995,67800,grève,,
38618-1834846,1834846,38618,la hulpe,la hulpe,
77614-3027174,3027174,77614,"83, rue du marais, 83",,
45548-2028598,2028598,45548,sports,,
27182-1519358,1519358,27182,le congo et leopold ii,,Leopold Ii
46596-2053514,2053514,46596,divisie 2,,
9992-983907,983907,9992,statue saint-michel hotel,,
71241-2850402,2850402,71241,charleroi cador,charleroi,
69269-2796545,2796545,69269,cordemans daniel,,Daniel Cordemans
65357-2663122,2663122,65357,nechelputte,,
48868-2130379,2130379,48868,lambert-closon,,
9285-967638,967638,9285,biens nationaux,,
22574-1378282,1378282,22574,c.c.c,,
62932-2585318,2585318,62932,jesus-eyck,,
64723-2644541,2644541,64723,iesus eyck,,
1752-690458,690458,1752,ghijseghem,,
45019-2016418,2016418,45019,van breuseghem,,
71480-2856916,2856916,71480,törner congo,,
32923-1668939,1668939,32923,katyn,,
72503-2887358,2887358,72503,victor petree,,Victor Petree
31862-1644950,1644950,31862,ysaÿe l,,
27434-1526875,1526875,27434,coart,,
58161-2407742,2407742,58161,françois o,,Francois O
16240-1157884,1157884,16240,jean-baptiste clémer,,
53808-2267874,2267874,53808,schietse,,
70216-2826513,2826513,70216,sohie,,
39757-1869711,1869711,39757,femme docteur droit,,
71468-2856604,2856604,71468,ysayerires d,,
53507-2257195,2257195,53507,lecocq aviateurs,,
8308-922723,922723,8308,gyseghem,,
32670-1663210,1663210,32670,brigands italiens,,
81780-3157541,3157541,81780,van deth,,
11454-1022068,1022068,11454,exposition laiterie,,
53728-2266043,2266043,53728,mantsjoerie,,
74501-2939246,2939246,74501,quai du commerce,,
66708-2714140,2714140,66708,leberge,,
29847-1592950,1592950,29847,leopold ii,,Leopold Ii
77982-3038253,3038253,77982,etoile caroloregienne,,
35589-1756420,1756420,35589,épuration,,
32203-1654312,1654312,32203,anvers,anvers,
29555-1589882,1589882,29555,genk berchem,berchem||genk,
82421-3182301,3182301,82421,maria loewensohn,,Maria Loewensohn
8455-934122,934122,8455,aarts,,
4274-785419,785419,4274,vieux turnhout,vieux-turnhout,
17363-1196646,1196646,17363,fc brugeois,,
52580-2227247,2227247,52580,laurijssen wouw,,
61227-2512049,2512049,61227,rivière,riviere,
107-653144,653144,107,van de weghe,,
27613-1532586,1532586,27613,chronique médicale,,
74549-2940197,2940197,74549,dillens herkinbald,,
4117-780299,780299,4117,verspagen,,
50429-2170500,2170500,50429,visétois,,
82868-3195471,3195471,82868,beersel,beersel,
17488-1200710,1200710,17488,peisegem,,
2992-731555,731555,2992,voortrekkers,,
52999-2240575,2240575,52999,berchem laureyns,berchem,
69754-2810799,2810799,69754,ostel,,
9684-976399,976399,9684,pierre de lune,,Pierre De Lune
14167-1097976,1097976,14167,scheldeman,,
61507-2525161,2525161,61507,delvaux,,
2925-728696,728696,2925,société académique d,,
178-654375,654375,178,victor guillemin rachez gombert,,Victor Guillemin
33942-1700008,1700008,33942,rijwielsectie,,
3266-740628,740628,3266,colyn,,
6217-853302,853302,6217,dipsomanie,,
34685-1723155,1723155,34685,université francophone de gand,gand,
12166-1046727,1046727,12166,hoeylaert,hoeylaert,
10653-999014,999014,10653,poelaert,,
57046-2380020,2380020,57046,lierdraaier,,
60221-2470857,2470857,60221,section des grains,,
64258-2630745,2630745,64258,overljssche,,
60589-2483691,2483691,60589,couque de dinant,dinant,
72755-2893744,2893744,72755,joseph bascourt,,Joseph Bascourt
10394-994344,994344,10394,august borms,,August Borms
80559-3115813,3115813,80559,lecourt,,
42860-1960167,1960167,42860,tholander. congo,,
6359-856845,856845,6359,homme sauvage,,
40287-1888892,1888892,40287,tremouroux,,
10330-992735,992735,10330,mirtenkamersara,,
15424-1134066,1134066,15424,exposition agriculture,,
59531-2450331,2450331,59531,frans demeunynck,,Frans Demeunynck
40212-1885291,1885291,40212,etat civil,,
53826-2268899,2268899,53826,eclampsie club,,
81317-3137031,3137031,81317,heerlykhede,,
80641-3117318,3117318,80641,grandes brasseries du hainaut,,
53693-2265277,2265277,53693,briques récupération,,
1667-687547,687547,1667,major sabbe,,Sabbe Major
